first_name,last_name,id,phone_number,email
Dyan,Brownstein,1,+447904787677,dbrownstein0@live.com
Cointon,De Gogay,2,+44 7700 900219,cdegogay1@domainmarket.com
Gustave,Forson,3,+44 7700 900519,gforson2@elpais.com
Mattie,Barabich,4,+44 7700 900203,mbarabich3@symantec.com
Jennie,Swate,5,+44 7468 318007,jswate4@privacy.gov.au
Valida,Gorch,6,+44 7468 318007,vgorch5@fema.gov
Lane,Vondrak,7,+86 389 238 6872,lvondrak6@sciencedaily.com
Moyna,Dadge,8,+63 519 879 7083,mdadge7@1688.com
Janis,Bleckly,10,+44 7468 318007,jbleckly9@narod.ru
Julieta,Connors,14,07700 900227,jconnorsd@cdbaby.com
Emmy,Varley,15,07700 900294,evarleye@hao123.com
Lib,Pickring,28,+359 351 393 4672,lpickringr@1688.com
Hobie,Fennessy,29,07700 900780,hfennessys@addtoany.com
Juliane,Gotmann,30,07700 900007,jgotmannt@google.fr
Frank,Boniface,31,+4407468318007,fbonifaceu@ibm.com
Karil,Harbison,32,07700 900961,kharbisonv@jalbum.net
Erastus,Minette,33,+4407904787677,eminettew@google.nl
